Produto,Loja,Quantidade,Preço Unitário,Total da Venda,Data da Venda
Camiseta,Loja D,14,52.35,732.9,2024-05-01
Óculos de sol,Loja B,7,98.11,686.77,2022-04-11
Calça,Loja D,24,17.02,408.48,2022-05-16
Tênis,Loja E,34,35.93,1221.62,2023-06-22
Boné,Loja B,22,36.83,810.26,2024-06-27
Boné,Loja E,97,55.42,5375.74,2022-06-09
Tênis,Loja E,23,57.27,1317.21,2022-06-11
Tênis,Loja E,4,45.66,182.64,2023-07-09
Óculos de sol,Loja B,56,88.3,4944.8,2022-10-14
Camiseta,Loja B,52,59.74,3106.48,2022-06-09
Tênis,Loja D,35,54.75,1916.25,2024-01-09
Camiseta,Loja C,44,38.39,1689.16,2023-06-27
Tênis,Loja A,42,57.38,2409.96,2022-06-15
Tênis,Loja E,42,98.95,4155.9,2023-07-06
Boné,Loja A,90,86.59,7793.1,2024-07-12
Bolsa,Loja A,76,60.59,4604.84,2023-11-07
Calça,Loja D,26,52.86,1374.36,2024-04-09
Camiseta,Loja C,63,53.02,3340.26,2022-01-19
Boné,Loja C,3,51.27,153.81,2024-07-23
Camiseta,Loja B,21,48.06,1009.26,2024-05-06
Boné,Loja E,43,95.37,4100.91,2022-01-03
Calça,Loja E,3,76.4,229.2,2022-11-18
Camiseta,Loja C,47,66.68,3133.96,2024-05-18
Calça,Loja E,56,17.5,980.0,2023-06-26
Calça,Loja C,62,39.79,2466.98,2022-11-25
Bolsa,Loja D,36,63.75,2295.0,2024-01-27
Tênis,Loja B,43,37.29,1603.47,2023-01-23
Bolsa,Loja E,67,69.34,4645.78,2023-12-14
Calça,Loja A,45,54.32,2444.4,2023-10-26
Calça,Loja C,3,15.26,45.78,2024-09-18
Boné,Loja D,58,16.66,966.28,2023-09-12
Óculos de sol,Loja E,11,44.45,488.95,2022-11-20
Bolsa,Loja E,11,48.23,530.53,2023-01-15
Boné,Loja D,13,76.78,998.14,2022-05-16
Bolsa,Loja D,69,73.52,5072.88,2022-05-06
Óculos de sol,Loja A,27,68.19,1841.13,2022-01-20
Calça,Loja E,10,28.49,284.9,2022-11-08
Bolsa,Loja A,76,38.84,2951.84,2022-12-13
Óculos de sol,Loja B,29,21.14,613.06,2022-06-23
Boné,Loja A,43,90.04,3871.72,2023-01-07
Óculos de sol,Loja B,42,25.21,1058.82,2022-03-06
Boné,Loja A,24,58.77,1410.48,2024-05-23
Camiseta,Loja E,93,17.85,1660.05,2022-07-28
Camiseta,Loja E,32,87.7,2806.4,2024-10-04
Tênis,Loja A,45,37.17,1672.65,2022-06-18
Calça,Loja D,18,45.17,813.06,2024-07-27
Calça,Loja A,30,16.5,495.0,2023-11-01
Óculos de sol,Loja E,10,24.67,246.7,2022-06-27
Boné,Loja A,44,33.66,1481.04,2023-09-18
Boné,Loja D,49,10.83,530.67,2024-04-21
Óculos de sol,Loja B,100,83.96,8396.0,2024-05-20
Camiseta,Loja D,84,38.17,3206.28,2024-01-02
Bolsa,Loja A,40,62.86,2514.4,2023-12-16
Tênis,Loja B,60,37.83,2269.8,2022-03-21
Óculos de sol,Loja A,20,39.07,781.4,2024-12-10
Óculos de sol,Loja B,28,47.81,1338.68,2024-02-21
Calça,Loja C,58,65.21,3782.18,2022-12-08
Calça,Loja A,57,37.71,2149.47,2022-05-23
Calça,Loja E,77,74.93,5769.61,2022-08-05
Óculos de sol,Loja E,19,99.65,1893.35,2024-12-28
Bolsa,Loja A,46,49.14,2260.44,2023-01-15
Bolsa,Loja A,9,15.28,137.52,2022-03-27
Camiseta,Loja B,27,44.47,1200.69,2022-03-05
Bolsa,Loja D,44,34.12,1501.28,2024-11-24
Camiseta,Loja D,24,58.21,1397.04,2022-11-13
Calça,Loja D,32,96.13,3076.16,2022-06-22
Calça,Loja B,12,55.93,671.16,2023-02-27
Calça,Loja B,50,89.32,4466.0,2023-06-04
Tênis,Loja C,40,78.24,3129.6,2022-02-23
Bolsa,Loja C,8,13.25,106.0,2024-09-14
Bolsa,Loja E,2,17.07,34.14,2023-06-24
Camiseta,Loja E,18,87.03,1566.54,2023-08-14
Óculos de sol,Loja C,92,76.6,7047.2,2024-12-26
Camiseta,Loja B,29,59.35,1721.15,2024-12-15
Tênis,Loja A,94,89.5,8413.0,2023-09-06
Calça,Loja E,41,33.98,1393.18,2023-12-18
Tênis,Loja A,15,58.56,878.4,2023-10-15
Bolsa,Loja A,80,53.57,4285.6,2022-02-21
Camiseta,Loja E,53,56.84,3012.52,2022-10-06
Tênis,Loja C,8,77.31,618.48,2023-07-08
Camiseta,Loja E,93,10.95,1018.35,2023-05-01
Bolsa,Loja B,22,47.44,1043.68,2023-04-02
Camiseta,Loja E,72,19.58,1409.76,2024-06-11
Calça,Loja D,3,27.42,82.26,2022-12-05
Óculos de sol,Loja E,41,91.94,3769.54,2022-04-10
Bolsa,Loja A,51,36.89,1881.39,2023-08-28
Camiseta,Loja E,21,74.55,1565.55,2023-06-02
Bolsa,Loja B,7,26.12,182.84,2023-01-08
Camiseta,Loja B,45,64.59,2906.55,2023-05-09
Óculos de sol,Loja A,58,13.75,797.5,2023-04-27
Óculos de sol,Loja D,82,53.72,4405.04,2024-12-19
Calça,Loja A,57,74.42,4241.94,2023-12-08
Boné,Loja A,22,98.82,2174.04,2023-09-04
Calça,Loja C,65,43.05,2798.25,2023-01-06
Óculos de sol,Loja B,5,64.19,320.95,2023-03-27
Boné,Loja A,96,94.41,9063.36,2022-10-04
Óculos de sol,Loja D,29,36.57,1060.53,2023-02-21
Camiseta,Loja D,80,35.29,2823.2,2023-07-10
Calça,Loja D,31,83.33,2583.23,2022-12-13
Calça,Loja C,95,73.3,6963.5,2024-09-06
Óculos de sol,Loja E,26,55.34,1438.84,2024-11-19
Tênis,Loja B,93,13.95,1297.35,2023-12-12
Bolsa,Loja C,56,10.82,605.92,2023-03-20
Bolsa,Loja E,52,71.98,3742.96,2023-07-10
Calça,Loja D,99,37.87,3749.13,2022-10-24
Calça,Loja B,1,79.76,79.76,2024-05-28
Boné,Loja C,43,36.71,1578.53,2022-11-07
Boné,Loja D,36,30.18,1086.48,2023-06-24
Boné,Loja E,17,64.26,1092.42,2022-09-03
Bolsa,Loja E,4,61.59,246.36,2023-09-23
Bolsa,Loja B,60,61.09,3665.4,2024-02-20
Tênis,Loja A,5,47.58,237.9,2022-03-20
Tênis,Loja C,98,10.85,1063.3,2024-07-23
Bolsa,Loja E,16,52.2,835.2,2024-10-14
Óculos de sol,Loja D,13,73.96,961.48,2022-02-18
Calça,Loja E,45,52.26,2351.7,2022-10-24
Calça,Loja A,20,72.03,1440.6,2023-08-03
Tênis,Loja C,88,82.75,7282.0,2024-08-08
Tênis,Loja E,87,99.52,8658.24,2024-11-05
Camiseta,Loja D,13,15.73,204.49,2023-02-09
Calça,Loja C,38,56.11,2132.18,2024-01-05
Boné,Loja B,65,96.41,6266.65,2022-03-11
Camiseta,Loja B,31,31.76,984.56,2022-09-03
Calça,Loja A,30,43.87,1316.1,2023-02-22
Óculos de sol,Loja C,56,44.29,2480.24,2023-10-03
Boné,Loja E,26,15.59,405.34,2023-06-28
Bolsa,Loja A,81,93.6,7581.6,2022-02-17
Calça,Loja D,43,83.54,3592.22,2022-05-28
Óculos de sol,Loja C,20,40.47,809.4,2024-11-10
Tênis,Loja D,65,58.27,3787.55,2023-06-27
Tênis,Loja D,63,26.32,1658.16,2024-07-08
Boné,Loja A,8,86.65,693.2,2023-01-10
Óculos de sol,Loja B,95,93.87,8917.65,2022-06-20
Calça,Loja A,77,71.32,5491.64,2022-01-24
Tênis,Loja C,49,34.5,1690.5,2024-09-23
Tênis,Loja D,30,96.32,2889.6,2023-02-26
Óculos de sol,Loja A,38,78.06,2966.28,2022-10-12
Calça,Loja E,33,66.28,2187.24,2023-04-05
Tênis,Loja E,16,70.04,1120.64,2024-02-09
Óculos de sol,Loja C,18,74.25,1336.5,2024-03-07
Tênis,Loja D,5,65.92,329.6,2024-08-03
Tênis,Loja C,44,11.76,517.44,2023-06-01
Camiseta,Loja E,26,97.48,2534.48,2022-08-22
Bolsa,Loja E,69,63.63,4390.47,2024-01-01
Óculos de sol,Loja D,53,62.57,3316.21,2022-04-06
Calça,Loja D,92,97.79,8996.68,2022-08-26
Bolsa,Loja A,26,80.64,2096.64,2023-09-27
Boné,Loja C,17,53.01,901.17,2024-08-07
Tênis,Loja A,35,18.83,659.05,2023-07-22
Boné,Loja B,98,61.65,6041.7,2023-05-02
Tênis,Loja A,1,19.59,19.59,2023-03-19
Boné,Loja C,91,18.67,1698.97,2022-01-03
Boné,Loja D,4,36.5,146.0,2023-12-03
Camiseta,Loja E,59,75.35,4445.65,2024-02-06
Tênis,Loja E,29,57.11,1656.19,2022-03-17
Bolsa,Loja D,90,66.86,6017.4,2023-09-01
Bolsa,Loja C,48,80.69,3873.12,2023-06-13
Calça,Loja D,3,58.25,174.75,2022-03-21
Calça,Loja E,67,83.6,5601.2,2024-01-25
Tênis,Loja E,32,71.39,2284.48,2024-06-15
Calça,Loja A,29,87.21,2529.09,2022-11-13
Tênis,Loja A,31,21.0,651.0,2024-03-10
Calça,Loja C,52,75.05,3902.6,2023-01-20
Camiseta,Loja C,39,12.53,488.67,2024-03-09
Óculos de sol,Loja A,85,50.98,4333.3,2023-01-26
Bolsa,Loja B,27,33.22,896.94,2022-02-20
Calça,Loja A,32,73.83,2362.56,2024-09-16
Óculos de sol,Loja C,86,71.51,6149.86,2023-01-03
Bolsa,Loja B,81,41.99,3401.19,2022-11-16
Camiseta,Loja E,80,99.45,7956.0,2024-02-26
Tênis,Loja B,90,30.49,2744.1,2022-06-24
Tênis,Loja A,40,32.06,1282.4,2023-07-08
Bolsa,Loja C,25,22.85,571.25,2022-08-27
Calça,Loja E,38,81.62,3101.56,2023-07-26
Bolsa,Loja B,52,55.91,2907.32,2023-06-12
Óculos de sol,Loja B,35,83.37,2917.95,2023-11-12
Bolsa,Loja C,32,78.4,2508.8,2022-08-27
Tênis,Loja E,21,60.39,1268.19,2024-01-20
Tênis,Loja A,89,98.7,8784.3,2024-04-19
Tênis,Loja E,55,39.04,2147.2,2024-11-25
Óculos de sol,Loja B,6,23.22,139.32,2024-06-02
Tênis,Loja E,80,71.16,5692.8,2022-02-09
Boné,Loja B,21,56.35,1183.35,2024-02-20
Óculos de sol,Loja A,22,66.92,1472.24,2023-10-25
Camiseta,Loja C,10,70.13,701.3,2024-06-02
Camiseta,Loja A,95,77.31,7344.45,2023-07-14
Tênis,Loja D,81,34.76,2815.56,2022-03-22
Bolsa,Loja E,54,60.7,3277.8,2024-05-14
Tênis,Loja A,7,84.56,591.92,2022-03-05
Camiseta,Loja B,36,62.99,2267.64,2023-08-24
Boné,Loja A,3,79.19,237.57,2022-02-17
Óculos de sol,Loja E,100,34.14,3414.0,2023-11-09
Calça,Loja B,92,52.66,4844.72,2023-03-07
Bolsa,Loja E,82,25.12,2059.84,2023-12-21
Boné,Loja B,47,93.72,4404.84,2023-08-12
Tênis,Loja C,49,44.4,2175.6,2023-10-14
Tênis,Loja B,46,68.62,3156.52,2023-03-13
Camiseta,Loja C,58,47.2,2737.6,2022-02-04
Bolsa,Loja A,41,13.42,550.22,2022-06-06
Bolsa,Loja E,31,68.42,2121.02,2023-11-27
Boné,Loja A,82,75.53,6193.46,2023-04-04
Bolsa,Loja C,17,19.5,331.5,2024-08-08
Calça,Loja E,23,26.55,610.65,2024-11-09
Camiseta,Loja B,59,52.29,3085.11,2024-09-16
Calça,Loja A,47,92.92,4367.24,2022-11-27
Tênis,Loja D,1,35.37,35.37,2024-07-21
Camiseta,Loja C,99,68.84,6815.16,2024-02-05
Bolsa,Loja B,28,89.7,2511.6,2024-02-14
Bolsa,Loja C,22,60.87,1339.14,2022-09-28
Camiseta,Loja C,6,37.46,224.76,2023-02-12
Óculos de sol,Loja A,6,91.66,549.96,2023-06-17
Bolsa,Loja D,24,60.12,1442.88,2022-01-11
Óculos de sol,Loja A,42,77.0,3234.0,2022-05-14
Tênis,Loja B,16,68.16,1090.56,2023-03-04
Calça,Loja E,13,95.22,1237.86,2023-10-20
Tênis,Loja C,40,77.58,3103.2,2022-09-17
Tênis,Loja D,24,62.04,1488.96,2024-10-23
Camiseta,Loja D,30,76.87,2306.1,2022-01-04
Tênis,Loja C,23,93.88,2159.24,2024-11-28
Camiseta,Loja E,47,83.38,3918.86,2024-06-08
Óculos de sol,Loja D,73,36.58,2670.34,2023-11-22
Boné,Loja A,45,77.88,3504.6,2023-07-27
Calça,Loja B,2,90.25,180.5,2024-04-27
Camiseta,Loja B,60,81.26,4875.6,2024-11-08
Camiseta,Loja E,78,18.67,1456.26,2023-02-06
Óculos de sol,Loja C,7,79.02,553.14,2022-03-06
Boné,Loja B,49,12.32,603.68,2023-06-05
Camiseta,Loja B,9,43.79,394.11,2024-07-19
Calça,Loja C,91,24.86,2262.26,2023-06-21
Calça,Loja C,62,96.08,5956.96,2022-01-26
Boné,Loja D,98,31.24,3061.52,2023-06-09
Camiseta,Loja C,34,76.44,2598.96,2022-03-27
Camiseta,Loja E,4,77.76,311.04,2023-12-14
Óculos de sol,Loja D,35,12.27,429.45,2023-05-07
Óculos de sol,Loja B,12,66.7,800.4,2023-04-16
Camiseta,Loja E,22,21.54,473.88,2023-06-17
Camiseta,Loja E,9,49.54,445.86,2024-01-15
Camiseta,Loja B,19,77.32,1469.08,2023-09-03
Bolsa,Loja D,36,23.19,834.84,2022-03-24
Tênis,Loja B,50,39.26,1963.0,2022-09-05
Calça,Loja A,70,59.06,4134.2,2022-07-18
Bolsa,Loja E,15,70.85,1062.75,2022-11-25
Óculos de sol,Loja E,48,98.99,4751.52,2023-08-04
Bolsa,Loja B,17,41.18,700.06,2022-04-09
Óculos de sol,Loja E,41,63.1,2587.1,2024-01-05
Calça,Loja A,5,80.77,403.85,2023-09-02
Bolsa,Loja D,17,48.97,832.49,2024-05-26
Boné,Loja E,14,67.79,949.06,2022-08-14
Tênis,Loja E,10,78.28,782.8,2023-11-22
Camiseta,Loja A,82,23.55,1931.1,2024-03-08
Camiseta,Loja C,0,18.07,0.0,2023-03-05
Tênis,Loja D,11,66.03,726.33,2024-05-25
Camiseta,Loja B,24,13.42,322.08,2022-02-06
Boné,Loja B,26,64.78,1684.28,2022-12-10
Tênis,Loja A,21,18.52,388.92,2024-12-16
Boné,Loja D,6,54.57,327.42,2022-01-25
Óculos de sol,Loja D,47,19.0,893.0,2024-12-18
Boné,Loja D,50,11.59,579.5,2024-11-16
Boné,Loja B,21,88.71,1862.91,2023-10-05
Camiseta,Loja E,73,73.95,5398.35,2023-10-12
Tênis,Loja E,4,57.58,230.32,2023-08-17
Camiseta,Loja A,28,75.04,2101.12,2023-10-22
Tênis,Loja B,27,55.66,1502.82,2022-12-18
Camiseta,Loja A,74,96.08,7109.92,2023-06-01
Óculos de sol,Loja C,50,97.17,4858.5,2023-09-08
Calça,Loja A,38,77.8,2956.4,2023-10-20
Boné,Loja B,38,34.7,1318.6,2022-06-23
Tênis,Loja B,18,75.66,1361.88,2023-06-05
Calça,Loja E,61,79.37,4841.57,2024-07-17
Bolsa,Loja D,87,54.62,4751.94,2024-04-05
Camiseta,Loja A,26,83.35,2167.1,2022-01-21
Bolsa,Loja E,95,11.2,1064.0,2022-05-10
Óculos de sol,Loja C,57,95.68,5453.76,2023-07-28
Óculos de sol,Loja E,60,52.05,3123.0,2022-01-25
Tênis,Loja B,16,71.79,1148.64,2023-01-26
Calça,Loja B,28,42.62,1193.36,2023-11-21
Óculos de sol,Loja D,72,69.19,4981.68,2023-10-11
Bolsa,Loja C,23,91.19,2097.37,2022-12-14
Calça,Loja E,2,24.72,49.44,2023-07-15
Bolsa,Loja D,17,30.48,518.16,2024-01-14
Bolsa,Loja A,91,17.18,1563.38,2023-03-10
Bolsa,Loja E,23,66.29,1524.67,2023-02-14
Camiseta,Loja C,65,12.82,833.3,2023-09-22
Óculos de sol,Loja E,26,43.96,1142.96,2022-08-26
Tênis,Loja A,79,77.79,6145.41,2023-11-13
Óculos de sol,Loja A,93,75.15,6988.95,2023-03-10
Boné,Loja D,45,94.13,4235.85,2022-07-17
Tênis,Loja A,2,36.7,73.4,2024-09-08
Óculos de sol,Loja A,96,46.19,4434.24,2022-08-19
Óculos de sol,Loja B,33,11.49,379.17,2022-10-15
Calça,Loja B,14,27.64,386.96,2022-10-07
Bolsa,Loja A,97,97.19,9427.43,2024-11-07
Calça,Loja B,91,32.87,2991.17,2022-08-11
Bolsa,Loja B,31,65.12,2018.72,2024-09-01
Calça,Loja B,99,66.71,6604.29,2022-08-03
Boné,Loja A,2,54.71,109.42,2024-05-27
Boné,Loja A,11,65.9,724.9,2024-03-24
Calça,Loja E,45,93.9,4225.5,2023-09-28
Calça,Loja A,28,65.18,1825.04,2024-07-14
Boné,Loja A,24,85.95,2062.8,2022-05-28
Tênis,Loja D,52,30.54,1588.08,2024-10-14
Tênis,Loja D,87,60.81,5290.47,2023-06-16
Boné,Loja D,35,33.52,1173.2,2024-03-09
Tênis,Loja A,4,81.16,324.64,2024-08-12
Calça,Loja B,15,92.12,1381.8,2024-11-27
Boné,Loja A,93,87.08,8098.44,2022-01-11
Calça,Loja A,92,47.99,4415.08,2023-07-26
Boné,Loja A,23,25.66,590.18,2024-06-03
Calça,Loja C,44,13.67,601.48,2022-07-13
Boné,Loja A,25,10.7,267.5,2024-03-26
Camiseta,Loja C,28,63.38,1774.64,2022-11-12
Tênis,Loja D,37,81.13,3001.81,2022-11-22
Boné,Loja D,42,70.35,2954.7,2023-01-01
Bolsa,Loja A,47,64.32,3023.04,2024-01-11
Camiseta,Loja E,87,12.86,1118.82,2023-01-06
Camiseta,Loja A,36,35.3,1270.8,2024-02-17
Calça,Loja B,14,88.93,1245.02,2023-06-07
Tênis,Loja E,57,44.84,2555.88,2023-01-10
Camiseta,Loja C,40,88.0,3520.0,2024-10-23
Boné,Loja D,35,57.65,2017.75,2024-11-05
Camiseta,Loja C,8,40.6,324.8,2024-01-26
Óculos de sol,Loja A,36,47.55,1711.8,2023-02-16
Calça,Loja E,25,49.22,1230.5,2022-06-01
Boné,Loja E,31,62.37,1933.47,2023-09-23
Bolsa,Loja B,37,36.6,1354.2,2023-09-09
Tênis,Loja D,37,54.14,2003.18,2023-10-09
Óculos de sol,Loja D,69,15.83,1092.27,2023-01-17
Camiseta,Loja A,3,51.17,153.51,2023-12-25
Tênis,Loja A,50,89.52,4476.0,2023-07-06
Camiseta,Loja B,4,72.42,289.68,2023-12-24
Óculos de sol,Loja E,3,85.74,257.22,2024-09-21
Tênis,Loja E,94,55.12,5181.28,2022-05-02
Boné,Loja C,29,37.58,1089.82,2024-05-09
Bolsa,Loja D,36,24.45,880.2,2024-09-08
Bolsa,Loja C,79,47.91,3784.89,2022-05-04
Calça,Loja E,78,77.05,6009.9,2024-06-03
Bolsa,Loja B,30,12.73,381.9,2023-09-16
Bolsa,Loja C,7,30.41,212.87,2024-10-27
Camiseta,Loja C,33,95.12,3138.96,2024-11-12
Óculos de sol,Loja A,29,53.9,1563.1,2024-05-24
Calça,Loja B,39,78.43,3058.77,2024-10-12
Tênis,Loja D,16,53.02,848.32,2023-01-28
Bolsa,Loja A,44,67.1,2952.4,2022-08-05
Boné,Loja D,20,74.24,1484.8,2022-02-06
Boné,Loja C,79,98.43,7775.97,2022-10-10
Boné,Loja B,44,13.07,575.08,2024-02-05
Óculos de sol,Loja E,6,55.94,335.64,2023-08-23
Óculos de sol,Loja E,96,70.38,6756.48,2024-10-04
Bolsa,Loja E,6,66.62,399.72,2023-10-28
Bolsa,Loja E,72,61.58,4433.76,2022-04-19
Camiseta,Loja D,61,56.58,3451.38,2024-10-04
Calça,Loja B,17,73.52,1249.84,2023-04-16
Calça,Loja A,79,80.35,6347.65,2022-06-14
Boné,Loja A,46,41.76,1920.96,2023-11-12
Calça,Loja E,28,17.77,497.56,2023-06-26
Tênis,Loja B,75,53.09,3981.75,2024-12-04
Boné,Loja B,14,48.73,682.22,2022-06-03
Calça,Loja E,86,67.96,5844.56,2023-01-10
Camiseta,Loja C,89,76.56,6813.84,2022-07-27
Camiseta,Loja D,58,43.64,2531.12,2022-12-05
Bolsa,Loja C,78,55.37,4318.86,2024-08-06
Boné,Loja B,40,75.54,3021.6,2023-11-19
Boné,Loja B,17,84.98,1444.66,2022-12-10
Óculos de sol,Loja A,58,13.29,770.82,2022-08-11
Óculos de sol,Loja D,97,87.71,8507.87,2023-11-13
Camiseta,Loja D,91,93.71,8527.61,2024-06-12
Camiseta,Loja A,60,25.07,1504.2,2023-10-03
Calça,Loja E,97,58.65,5689.05,2022-11-04
Camiseta,Loja B,74,85.78,6347.72,2023-09-21
Bolsa,Loja A,6,40.04,240.24,2022-05-28
Calça,Loja A,63,71.98,4534.74,2022-09-21
Bolsa,Loja D,96,69.6,6681.6,2022-11-11
Camiseta,Loja B,32,64.47,2063.04,2024-08-24
Boné,Loja C,65,29.93,1945.45,2022-02-08
Tênis,Loja B,2,76.94,153.88,2023-02-05
Óculos de sol,Loja E,36,20.72,745.92,2023-07-22
Boné,Loja E,56,41.31,2313.36,2023-04-28
Boné,Loja A,35,10.79,377.65,2022-12-17
Calça,Loja B,54,14.68,792.72,2024-08-01
Boné,Loja C,8,73.09,584.72,2024-06-22
Óculos de sol,Loja C,29,44.46,1289.34,2024-05-25
Calça,Loja E,44,66.43,2922.92,2023-05-26
Tênis,Loja E,11,18.14,199.54,2024-05-08
Camiseta,Loja B,31,54.44,1687.64,2024-04-12
Óculos de sol,Loja A,71,13.99,993.29,2024-01-12
Bolsa,Loja C,63,88.97,5605.11,2023-01-09
Camiseta,Loja D,64,32.15,2057.6,2023-07-03
Óculos de sol,Loja A,36,40.91,1472.76,2024-02-21
Bolsa,Loja B,9,80.69,726.21,2022-04-28
Calça,Loja E,10,36.31,363.1,2023-05-14
Calça,Loja C,63,80.27,5057.01,2024-11-04
Óculos de sol,Loja E,25,18.96,474.0,2024-11-27
Boné,Loja E,15,25.17,377.55,2022-02-03
Óculos de sol,Loja D,52,22.13,1150.76,2024-01-26
Bolsa,Loja A,11,84.89,933.79,2024-01-15
Bolsa,Loja D,32,45.43,1453.76,2024-06-04
Calça,Loja D,87,37.86,3293.82,2023-07-17
Camiseta,Loja B,62,64.33,3988.46,2024-05-10
Camiseta,Loja A,49,15.29,749.21,2023-04-23
Tênis,Loja B,56,45.12,2526.72,2023-05-10
Tênis,Loja B,40,64.5,2580.0,2023-11-18
Calça,Loja B,30,53.92,1617.6,2022-05-07
Tênis,Loja E,77,22.93,1765.61,2023-10-10
Boné,Loja C,13,61.42,798.46,2024-03-23
Tênis,Loja D,38,31.41,1193.58,2024-08-20
Boné,Loja C,30,16.42,492.6,2022-01-15
Calça,Loja A,12,14.61,175.32,2022-10-25
Camiseta,Loja C,87,35.89,3122.43,2024-12-19
Óculos de sol,Loja B,73,78.16,5705.68,2022-04-28
Bolsa,Loja D,35,52.93,1852.55,2023-10-12
Boné,Loja C,20,22.12,442.4,2024-01-03
Camiseta,Loja E,69,17.3,1193.7,2023-06-27
Bolsa,Loja C,32,88.85,2843.2,2022-07-08
Calça,Loja B,5,26.62,133.1,2024-05-05
Bolsa,Loja D,44,92.5,4070.0,2022-07-15
Calça,Loja C,2,39.31,78.62,2024-01-17
Boné,Loja C,43,61.17,2630.31,2023-01-09
Tênis,Loja C,85,53.14,4516.9,2024-03-15
Óculos de sol,Loja D,64,28.75,1840.0,2024-04-19
Bolsa,Loja B,5,77.35,386.75,2022-06-21
Bolsa,Loja C,19,25.53,485.07,2024-01-24
Bolsa,Loja B,89,69.08,6148.12,2022-06-01
Óculos de sol,Loja E,31,18.09,560.79,2024-04-06
Calça,Loja E,72,97.13,6993.36,2023-02-27
Boné,Loja C,53,79.9,4234.7,2022-12-19
Boné,Loja D,18,57.62,1037.16,2024-10-23
Tênis,Loja E,29,10.95,317.55,2023-07-23
Óculos de sol,Loja E,13,70.61,917.93,2023-12-24
Bolsa,Loja E,89,27.78,2472.42,2023-05-03
Camiseta,Loja E,15,61.28,919.2,2023-06-16
Óculos de sol,Loja D,95,85.53,8125.35,2022-03-21
Boné,Loja D,97,63.87,6195.39,2023-02-02
Tênis,Loja C,95,54.65,5191.75,2024-10-03
Óculos de sol,Loja E,36,78.61,2829.96,2022-04-08
Calça,Loja D,4,62.44,249.76,2024-08-04
Calça,Loja D,6,18.22,109.32,2022-10-07
Camiseta,Loja E,16,91.57,1465.12,2023-08-15
Óculos de sol,Loja B,82,44.48,3647.36,2023-06-22
Camiseta,Loja C,36,27.76,999.36,2023-01-15
Bolsa,Loja C,100,37.91,3791.0,2023-01-09
Tênis,Loja A,22,86.63,1905.86,2024-05-14
Boné,Loja B,35,10.22,357.7,2022-12-22
Tênis,Loja A,70,42.45,2971.5,2022-02-21
Camiseta,Loja B,20,22.95,459.0,2023-08-08
Tênis,Loja C,10,13.79,137.9,2023-07-15
Tênis,Loja E,14,49.95,699.3,2023-11-25
Calça,Loja C,12,87.89,1054.68,2022-08-25
Calça,Loja A,70,99.0,6930.0,2024-04-08
Óculos de sol,Loja D,92,22.63,2081.96,2024-09-02
Bolsa,Loja E,50,86.97,4348.5,2024-10-18
Tênis,Loja E,12,98.12,1177.44,2024-05-18
Camiseta,Loja D,87,19.2,1670.4,2024-11-12
Tênis,Loja B,85,94.62,8042.7,2023-09-06
Bolsa,Loja B,25,65.33,1633.25,2023-04-04
Tênis,Loja B,40,71.92,2876.8,2022-11-28
Calça,Loja A,10,28.76,287.6,2022-05-24
Calça,Loja E,62,80.4,4984.8,2022-03-01
Calça,Loja D,76,83.74,6364.24,2023-06-13
Óculos de sol,Loja B,2,88.0,176.0,2022-03-08
Bolsa,Loja E,22,11.03,242.66,2024-06-19
Bolsa,Loja B,43,75.18,3232.74,2023-06-17
Óculos de sol,Loja A,5,20.39,101.95,2023-05-14
Camiseta,Loja C,23,83.53,1921.19,2024-11-05
Camiseta,Loja B,29,26.23,760.67,2023-04-23
Tênis,Loja D,83,12.43,1031.69,2024-01-11
Óculos de sol,Loja E,25,93.5,2337.5,2022-07-23
Bolsa,Loja C,44,20.66,909.04,2023-05-20
Boné,Loja B,76,16.2,1231.2,2023-12-11
Boné,Loja C,17,93.59,1591.03,2023-11-25
Camiseta,Loja C,47,80.52,3784.44,2023-08-03
Boné,Loja E,41,42.64,1748.24,2022-04-01
Óculos de sol,Loja E,36,28.57,1028.52,2022-03-20
Calça,Loja C,28,10.04,281.12,2024-03-26
Camiseta,Loja B,5,49.89,249.45,2022-04-21
Camiseta,Loja D,31,15.17,470.27,2023-04-24
Boné,Loja B,73,48.41,3533.93,2022-09-20
Calça,Loja B,40,56.5,2260.0,2022-04-24
Calça,Loja C,39,80.9,3155.1,2023-12-16
Óculos de sol,Loja A,41,38.32,1571.12,2022-05-14
Boné,Loja C,0,93.48,0.0,2024-06-09
Tênis,Loja B,44,48.02,2112.88,2022-02-06
Bolsa,Loja A,28,79.34,2221.52,2022-11-23
Tênis,Loja E,70,51.48,3603.6,2022-06-10
Óculos de sol,Loja A,32,84.97,2719.04,2023-06-16
Bolsa,Loja C,9,74.59,671.31,2024-01-20
Óculos de sol,Loja A,68,35.18,2392.24,2023-01-06
Bolsa,Loja D,34,95.11,3233.74,2023-02-15
Óculos de sol,Loja D,86,57.79,4969.94,2022-06-28
Tênis,Loja A,94,71.73,6742.62,2024-07-24
Óculos de sol,Loja E,71,25.56,1814.76,2023-11-28
Calça,Loja E,77,84.86,6534.22,2024-11-20
Bolsa,Loja B,50,49.55,2477.5,2023-11-20
Óculos de sol,Loja C,69,41.36,2853.84,2022-09-19
Tênis,Loja D,85,58.66,4986.1,2022-01-27
Tênis,Loja B,65,71.33,4636.45,2023-01-12
Camiseta,Loja C,41,78.22,3207.02,2024-10-22
Tênis,Loja D,27,89.38,2413.26,2022-10-02
Camiseta,Loja E,57,13.79,786.03,2023-01-27
Calça,Loja D,40,12.29,491.6,2022-01-24
Bolsa,Loja E,26,57.61,1497.86,2022-11-09
