Temperatura_Media_C,Vendas_Sorvete
25.6,390
34.3,783
31.0,658
29.0,350
22.3,195
22.3,253
20.9,291
33.0,698
29.0,470
30.6,581
20.3,207
34.5,860
32.5,671
23.2,311
22.7,246
22.8,334
24.6,258
27.9,461
26.5,385
24.4,172
29.2,589
22.1,231
24.4,320
25.5,351
26.8,301
31.8,647
23.0,215
27.7,405
28.9,528
20.7,175
29.1,744
22.6,245
21.0,175
34.2,804
34.5,632
32.1,704
24.6,334
21.5,420
30.3,594
26.6,460
21.8,188
27.4,355
20.5,240
33.6,857
23.9,373
29.9,506
24.7,474
27.8,350
28.2,569
22.8,458
34.5,728
31.6,625
34.1,815
33.4,721
29.0,393
33.8,798
21.3,60
22.9,294
20.7,42
24.9,499
25.8,313
24.1,271
32.4,803
25.4,244
24.2,333
28.1,638
22.1,45
32.0,720
21.1,182
34.8,918
31.6,555
23.0,117
20.1,156
32.2,741
30.6,655
30.9,681
31.6,610
21.1,179
25.4,398
21.7,115
32.9,934
29.3,615
25.0,229
21.0,213
24.7,236
24.9,423
30.9,763
29.6,496
33.3,862
27.1,495
21.8,272
30.7,825
31.4,646
28.4,446
31.6,589
27.4,389
27.8,484
26.4,455
20.4,147
21.6,264
